match_id,home,away,scenario_id,scenario_weight,favorite_leads_early_likelihood,underdog_leads_early_likelihood,favorite_kill_game_likelihood,favorite_game_management_likelihood,underdog_btts_conversion_likelihood,low_block_survival_likelihood,chance_quality_score,shot_volume_quality_gap,lead_throttle_score,scoreline_family_boost,scoreline_family_penalty,data_quality_score,calibration_strength,generated_at
WC2026-A25,Czechia,South Africa,S01_favorite_early_break_open,0.147429,0.2106,0.0134,0.2952,0.6267,0.3947,0.0718,0.37,0,0.1567,favorite_clean_win_low;favorite_clean_win_mid,favorite_btts_win;favorite_big_win,0.27,none,2026-06-20T10:22:44.646343+00:00
WC2026-A25,Czechia,South Africa,S02_low_block_survival,0.022256,0.2106,0.0134,0.2952,0.6267,0.3947,0.0718,0.37,0,0.1567,favorite_clean_win_low;favorite_clean_win_mid,favorite_btts_win;favorite_big_win,0.27,none,2026-06-20T10:22:44.646343+00:00
WC2026-A25,Czechia,South Africa,S03_wide_overload_crossfire,0.077262,0.2106,0.0134,0.2952,0.6267,0.3947,0.0718,0.37,0,0.1567,favorite_clean_win_low;favorite_clean_win_mid,favorite_btts_win;favorite_big_win,0.27,none,2026-06-20T10:22:44.646343+00:00
WC2026-A25,Czechia,South Africa,S04_press_trap_turnover_goal,0.126244,0.2106,0.0134,0.2952,0.6267,0.3947,0.0718,0.37,0,0.1567,favorite_clean_win_low;favorite_clean_win_mid,favorite_btts_win;favorite_big_win,0.27,none,2026-06-20T10:22:44.646343+00:00
WC2026-A25,Czechia,South Africa,S05_high_line_vs_runner,0.148189,0.2106,0.0134,0.2952,0.6267,0.3947,0.0718,0.37,0,0.1567,favorite_clean_win_low;favorite_clean_win_mid,favorite_btts_win;favorite_big_win,0.27,none,2026-06-20T10:22:44.646343+00:00
WC2026-A25,Czechia,South Africa,S06_set_piece_breakthrough,0.104285,0.2106,0.0134,0.2952,0.6267,0.3947,0.0718,0.37,0,0.1567,favorite_clean_win_low;favorite_clean_win_mid,favorite_btts_win;favorite_big_win,0.27,none,2026-06-20T10:22:44.646343+00:00
WC2026-A25,Czechia,South Africa,S07_late_chase_open_game,0.073878,0.2106,0.0134,0.2952,0.6267,0.3947,0.0718,0.37,0,0.1567,favorite_clean_win_low;favorite_clean_win_mid,favorite_btts_win;favorite_big_win,0.27,none,2026-06-20T10:22:44.646343+00:00
WC2026-A25,Czechia,South Africa,S08_strict_ref_card_penalty_chaos,0.042451,0.2106,0.0134,0.2952,0.6267,0.3947,0.0718,0.37,0,0.1567,favorite_clean_win_low;favorite_clean_win_mid,favorite_btts_win;favorite_big_win,0.27,none,2026-06-20T10:22:44.646343+00:00
WC2026-B26,Switzerland,Bosnia and Herzegovina,S01_favorite_early_break_open,0.242507,0.2608,0.0064,0.2788,0.3622,0.3251,0.1571,0.37,0.0395,0.0944,,,0.27,none,2026-06-20T10:22:46.006914+00:00
WC2026-B26,Switzerland,Bosnia and Herzegovina,S02_low_block_survival,0.010629,0.2608,0.0064,0.2788,0.3622,0.3251,0.1571,0.37,0.0395,0.0944,,,0.27,none,2026-06-20T10:22:46.006914+00:00
WC2026-B26,Switzerland,Bosnia and Herzegovina,S03_wide_overload_crossfire,0.374001,0.2608,0.0064,0.2788,0.3622,0.3251,0.1571,0.37,0.0395,0.0944,,,0.27,none,2026-06-20T10:22:46.006914+00:00
WC2026-B26,Switzerland,Bosnia and Herzegovina,S04_press_trap_turnover_goal,0.036517,0.2608,0.0064,0.2788,0.3622,0.3251,0.1571,0.37,0.0395,0.0944,,,0.27,none,2026-06-20T10:22:46.006914+00:00
WC2026-B26,Switzerland,Bosnia and Herzegovina,S05_high_line_vs_runner,0.016573,0.2608,0.0064,0.2788,0.3622,0.3251,0.1571,0.37,0.0395,0.0944,,,0.27,none,2026-06-20T10:22:46.006914+00:00
WC2026-B26,Switzerland,Bosnia and Herzegovina,S06_set_piece_breakthrough,0.017614,0.2608,0.0064,0.2788,0.3622,0.3251,0.1571,0.37,0.0395,0.0944,,,0.27,none,2026-06-20T10:22:46.006914+00:00
WC2026-B26,Switzerland,Bosnia and Herzegovina,S07_late_chase_open_game,0.092352,0.2608,0.0064,0.2788,0.3622,0.3251,0.1571,0.37,0.0395,0.0944,,,0.27,none,2026-06-20T10:22:46.006914+00:00
WC2026-B26,Switzerland,Bosnia and Herzegovina,S08_strict_ref_card_penalty_chaos,0.025575,0.2608,0.0064,0.2788,0.3622,0.3251,0.1571,0.37,0.0395,0.0944,,,0.27,none,2026-06-20T10:22:46.006914+00:00
WC2026-B27,Canada,Qatar,S01_favorite_early_break_open,0.238386,0.3153,0,0.2692,0.4113,0.4651,0,0.37,0,0.1297,favorite_clean_win_low;favorite_clean_win_mid,favorite_btts_win;favorite_big_win,0.27,none,2026-06-20T10:22:47.363234+00:00
WC2026-B27,Canada,Qatar,S02_low_block_survival,0,0.3153,0,0.2692,0.4113,0.4651,0,0.37,0,0.1297,favorite_clean_win_low;favorite_clean_win_mid,favorite_btts_win;favorite_big_win,0.27,none,2026-06-20T10:22:47.363234+00:00
WC2026-B27,Canada,Qatar,S03_wide_overload_crossfire,0.118173,0.3153,0,0.2692,0.4113,0.4651,0,0.37,0,0.1297,favorite_clean_win_low;favorite_clean_win_mid,favorite_btts_win;favorite_big_win,0.27,none,2026-06-20T10:22:47.363234+00:00
WC2026-B27,Canada,Qatar,S04_press_trap_turnover_goal,0.153826,0.3153,0,0.2692,0.4113,0.4651,0,0.37,0,0.1297,favorite_clean_win_low;favorite_clean_win_mid,favorite_btts_win;favorite_big_win,0.27,none,2026-06-20T10:22:47.363234+00:00
WC2026-B27,Canada,Qatar,S05_high_line_vs_runner,0.155051,0.3153,0,0.2692,0.4113,0.4651,0,0.37,0,0.1297,favorite_clean_win_low;favorite_clean_win_mid,favorite_btts_win;favorite_big_win,0.27,none,2026-06-20T10:22:47.363234+00:00
WC2026-B27,Canada,Qatar,S06_set_piece_breakthrough,0.092576,0.3153,0,0.2692,0.4113,0.4651,0,0.37,0,0.1297,favorite_clean_win_low;favorite_clean_win_mid,favorite_btts_win;favorite_big_win,0.27,none,2026-06-20T10:22:47.363234+00:00
WC2026-B27,Canada,Qatar,S07_late_chase_open_game,0.070562,0.3153,0,0.2692,0.4113,0.4651,0,0.37,0,0.1297,favorite_clean_win_low;favorite_clean_win_mid,favorite_btts_win;favorite_big_win,0.27,none,2026-06-20T10:22:47.363234+00:00
WC2026-B27,Canada,Qatar,S08_strict_ref_card_penalty_chaos,0.013689,0.3153,0,0.2692,0.4113,0.4651,0,0.37,0,0.1297,favorite_clean_win_low;favorite_clean_win_mid,favorite_btts_win;favorite_big_win,0.27,none,2026-06-20T10:22:47.363234+00:00
WC2026-A28,Mexico,South Korea,S01_favorite_early_break_open,0.104152,0.1734,0.1077,0.1104,0.5284,0.3151,0.3677,0.37,0.3122,0.1321,favorite_clean_win_low;favorite_clean_win_mid;draw_low;underdog_low_win,favorite_btts_win;favorite_big_win;chaos_high,0.27,none,2026-06-20T10:22:48.731864+00:00
WC2026-A28,Mexico,South Korea,S02_low_block_survival,0.17955,0.1734,0.1077,0.1104,0.5284,0.3151,0.3677,0.37,0.3122,0.1321,favorite_clean_win_low;favorite_clean_win_mid;draw_low;underdog_low_win,favorite_btts_win;favorite_big_win;chaos_high,0.27,none,2026-06-20T10:22:48.731864+00:00
WC2026-A28,Mexico,South Korea,S03_wide_overload_crossfire,0.036011,0.1734,0.1077,0.1104,0.5284,0.3151,0.3677,0.37,0.3122,0.1321,favorite_clean_win_low;favorite_clean_win_mid;draw_low;underdog_low_win,favorite_btts_win;favorite_big_win;chaos_high,0.27,none,2026-06-20T10:22:48.731864+00:00
WC2026-A28,Mexico,South Korea,S04_press_trap_turnover_goal,0.138524,0.1734,0.1077,0.1104,0.5284,0.3151,0.3677,0.37,0.3122,0.1321,favorite_clean_win_low;favorite_clean_win_mid;draw_low;underdog_low_win,favorite_btts_win;favorite_big_win;chaos_high,0.27,none,2026-06-20T10:22:48.731864+00:00
WC2026-A28,Mexico,South Korea,S05_high_line_vs_runner,0.036011,0.1734,0.1077,0.1104,0.5284,0.3151,0.3677,0.37,0.3122,0.1321,favorite_clean_win_low;favorite_clean_win_mid;draw_low;underdog_low_win,favorite_btts_win;favorite_big_win;chaos_high,0.27,none,2026-06-20T10:22:48.731864+00:00
WC2026-A28,Mexico,South Korea,S06_set_piece_breakthrough,0.036011,0.1734,0.1077,0.1104,0.5284,0.3151,0.3677,0.37,0.3122,0.1321,favorite_clean_win_low;favorite_clean_win_mid;draw_low;underdog_low_win,favorite_btts_win;favorite_big_win;chaos_high,0.27,none,2026-06-20T10:22:48.731864+00:00
WC2026-A28,Mexico,South Korea,S07_late_chase_open_game,0.073168,0.1734,0.1077,0.1104,0.5284,0.3151,0.3677,0.37,0.3122,0.1321,favorite_clean_win_low;favorite_clean_win_mid;draw_low;underdog_low_win,favorite_btts_win;favorite_big_win;chaos_high,0.27,none,2026-06-20T10:22:48.731864+00:00
WC2026-A28,Mexico,South Korea,S08_strict_ref_card_penalty_chaos,0.036011,0.1734,0.1077,0.1104,0.5284,0.3151,0.3677,0.37,0.3122,0.1321,favorite_clean_win_low;favorite_clean_win_mid;draw_low;underdog_low_win,favorite_btts_win;favorite_big_win;chaos_high,0.27,none,2026-06-20T10:22:48.731864+00:00
WC2026-C29,Brazil,Haiti,S01_favorite_early_break_open,0.172027,0.2114,0.0307,0.278,0.3303,0.2952,0.2359,0.37,0,0.0826,,,0.4975,weak,2026-06-20T10:22:50.135897+00:00
WC2026-C29,Brazil,Haiti,S02_low_block_survival,0.051092,0.2114,0.0307,0.278,0.3303,0.2952,0.2359,0.37,0,0.0826,,,0.4975,weak,2026-06-20T10:22:50.135897+00:00
WC2026-C29,Brazil,Haiti,S03_wide_overload_crossfire,0.068409,0.2114,0.0307,0.278,0.3303,0.2952,0.2359,0.37,0,0.0826,,,0.4975,weak,2026-06-20T10:22:50.135897+00:00
WC2026-C29,Brazil,Haiti,S04_press_trap_turnover_goal,0.078819,0.2114,0.0307,0.278,0.3303,0.2952,0.2359,0.37,0,0.0826,,,0.4975,weak,2026-06-20T10:22:50.135897+00:00
WC2026-C29,Brazil,Haiti,S05_high_line_vs_runner,0.093255,0.2114,0.0307,0.278,0.3303,0.2952,0.2359,0.37,0,0.0826,,,0.4975,weak,2026-06-20T10:22:50.135897+00:00
WC2026-C29,Brazil,Haiti,S06_set_piece_breakthrough,0.079877,0.2114,0.0307,0.278,0.3303,0.2952,0.2359,0.37,0,0.0826,,,0.4975,weak,2026-06-20T10:22:50.135897+00:00
WC2026-C29,Brazil,Haiti,S07_late_chase_open_game,0.084074,0.2114,0.0307,0.278,0.3303,0.2952,0.2359,0.37,0,0.0826,,,0.4975,weak,2026-06-20T10:22:50.135897+00:00
WC2026-C29,Brazil,Haiti,S08_strict_ref_card_penalty_chaos,0.035983,0.2114,0.0307,0.278,0.3303,0.2952,0.2359,0.37,0,0.0826,,,0.4975,weak,2026-06-20T10:22:50.135897+00:00
WC2026-C30,Scotland,Morocco,S01_favorite_early_break_open,0.083353,0.126,0.0334,0.2194,0.3514,0.2972,0.2015,0.37,0,0.0879,,,0.4975,weak,2026-06-20T10:22:51.543852+00:00
WC2026-C30,Scotland,Morocco,S02_low_block_survival,0.055719,0.126,0.0334,0.2194,0.3514,0.2972,0.2015,0.37,0,0.0879,,,0.4975,weak,2026-06-20T10:22:51.543852+00:00
WC2026-C30,Scotland,Morocco,S03_wide_overload_crossfire,0.053692,0.126,0.0334,0.2194,0.3514,0.2972,0.2015,0.37,0,0.0879,,,0.4975,weak,2026-06-20T10:22:51.543852+00:00
WC2026-C30,Scotland,Morocco,S04_press_trap_turnover_goal,0.085366,0.126,0.0334,0.2194,0.3514,0.2972,0.2015,0.37,0,0.0879,,,0.4975,weak,2026-06-20T10:22:51.543852+00:00
WC2026-C30,Scotland,Morocco,S05_high_line_vs_runner,0.076721,0.126,0.0334,0.2194,0.3514,0.2972,0.2015,0.37,0,0.0879,,,0.4975,weak,2026-06-20T10:22:51.543852+00:00
WC2026-C30,Scotland,Morocco,S06_set_piece_breakthrough,0.065497,0.126,0.0334,0.2194,0.3514,0.2972,0.2015,0.37,0,0.0879,,,0.4975,weak,2026-06-20T10:22:51.543852+00:00
WC2026-C30,Scotland,Morocco,S07_late_chase_open_game,0.067792,0.126,0.0334,0.2194,0.3514,0.2972,0.2015,0.37,0,0.0879,,,0.4975,weak,2026-06-20T10:22:51.543852+00:00
WC2026-C30,Scotland,Morocco,S08_strict_ref_card_penalty_chaos,0.047368,0.126,0.0334,0.2194,0.3514,0.2972,0.2015,0.37,0,0.0879,,,0.4975,weak,2026-06-20T10:22:51.543852+00:00
WC2026-D31,Turkey,Paraguay,S01_favorite_early_break_open,0.212545,0.2836,0.001,0.2771,0.3796,0.3621,0.115,0.37,0,0.1076,,,0.4975,weak,2026-06-20T10:22:52.945985+00:00
WC2026-D31,Turkey,Paraguay,S02_low_block_survival,0.001745,0.2836,0.001,0.2771,0.3796,0.3621,0.115,0.37,0,0.1076,,,0.4975,weak,2026-06-20T10:22:52.945985+00:00
WC2026-D31,Turkey,Paraguay,S03_wide_overload_crossfire,0.06541,0.2836,0.001,0.2771,0.3796,0.3621,0.115,0.37,0,0.1076,,,0.4975,weak,2026-06-20T10:22:52.945985+00:00
WC2026-D31,Turkey,Paraguay,S04_press_trap_turnover_goal,0.142035,0.2836,0.001,0.2771,0.3796,0.3621,0.115,0.37,0,0.1076,,,0.4975,weak,2026-06-20T10:22:52.945985+00:00
WC2026-D31,Turkey,Paraguay,S05_high_line_vs_runner,0.066461,0.2836,0.001,0.2771,0.3796,0.3621,0.115,0.37,0,0.1076,,,0.4975,weak,2026-06-20T10:22:52.945985+00:00
WC2026-D31,Turkey,Paraguay,S06_set_piece_breakthrough,0.06966,0.2836,0.001,0.2771,0.3796,0.3621,0.115,0.37,0,0.1076,,,0.4975,weak,2026-06-20T10:22:52.945985+00:00
WC2026-D31,Turkey,Paraguay,S07_late_chase_open_game,0.097644,0.2836,0.001,0.2771,0.3796,0.3621,0.115,0.37,0,0.1076,,,0.4975,weak,2026-06-20T10:22:52.945985+00:00
WC2026-D31,Turkey,Paraguay,S08_strict_ref_card_penalty_chaos,0.036639,0.2836,0.001,0.2771,0.3796,0.3621,0.115,0.37,0,0.1076,,,0.4975,weak,2026-06-20T10:22:52.945985+00:00
WC2026-D32,USA,Australia,S01_favorite_early_break_open,0.253987,0.3247,0,0.289,0.3912,0.5607,0.0269,0.34,0,0.127,favorite_clean_win_low;favorite_clean_win_mid,favorite_btts_win;favorite_big_win,0.55,medium,2026-06-20T10:22:54.384471+00:00
WC2026-D32,USA,Australia,S02_low_block_survival,0,0.3247,0,0.289,0.3912,0.5607,0.0269,0.34,0,0.127,favorite_clean_win_low;favorite_clean_win_mid,favorite_btts_win;favorite_big_win,0.55,medium,2026-06-20T10:22:54.384471+00:00
WC2026-D32,USA,Australia,S03_wide_overload_crossfire,0.076512,0.3247,0,0.289,0.3912,0.5607,0.0269,0.34,0,0.127,favorite_clean_win_low;favorite_clean_win_mid,favorite_btts_win;favorite_big_win,0.55,medium,2026-06-20T10:22:54.384471+00:00
WC2026-D32,USA,Australia,S04_press_trap_turnover_goal,0.141366,0.3247,0,0.289,0.3912,0.5607,0.0269,0.34,0,0.127,favorite_clean_win_low;favorite_clean_win_mid,favorite_btts_win;favorite_big_win,0.55,medium,2026-06-20T10:22:54.384471+00:00
WC2026-D32,USA,Australia,S05_high_line_vs_runner,0.130759,0.3247,0,0.289,0.3912,0.5607,0.0269,0.34,0,0.127,favorite_clean_win_low;favorite_clean_win_mid,favorite_btts_win;favorite_big_win,0.55,medium,2026-06-20T10:22:54.384471+00:00
WC2026-D32,USA,Australia,S06_set_piece_breakthrough,0.082981,0.3247,0,0.289,0.3912,0.5607,0.0269,0.34,0,0.127,favorite_clean_win_low;favorite_clean_win_mid,favorite_btts_win;favorite_big_win,0.55,medium,2026-06-20T10:22:54.384471+00:00
WC2026-D32,USA,Australia,S07_late_chase_open_game,0.07897,0.3247,0,0.289,0.3912,0.5607,0.0269,0.34,0,0.127,favorite_clean_win_low;favorite_clean_win_mid,favorite_btts_win;favorite_big_win,0.55,medium,2026-06-20T10:22:54.384471+00:00
WC2026-D32,USA,Australia,S08_strict_ref_card_penalty_chaos,0.054275,0.3247,0,0.289,0.3912,0.5607,0.0269,0.34,0,0.127,favorite_clean_win_low;favorite_clean_win_mid,favorite_btts_win;favorite_big_win,0.55,medium,2026-06-20T10:22:54.384471+00:00
WC2026-E33,Germany,Ivory Coast,S01_favorite_early_break_open,0.16253,0.2347,0.0569,0.2456,0.389,0.3286,0.2573,0.37,0.0557,0.0973,favorite_clean_win_low;favorite_clean_win_mid,favorite_btts_win;favorite_big_win,0.27,none,2026-06-20T10:22:55.790490+00:00
WC2026-E33,Germany,Ivory Coast,S02_low_block_survival,0.09476,0.2347,0.0569,0.2456,0.389,0.3286,0.2573,0.37,0.0557,0.0973,favorite_clean_win_low;favorite_clean_win_mid,favorite_btts_win;favorite_big_win,0.27,none,2026-06-20T10:22:55.790490+00:00
WC2026-E33,Germany,Ivory Coast,S03_wide_overload_crossfire,0.036682,0.2347,0.0569,0.2456,0.389,0.3286,0.2573,0.37,0.0557,0.0973,favorite_clean_win_low;favorite_clean_win_mid,favorite_btts_win;favorite_big_win,0.27,none,2026-06-20T10:22:55.790490+00:00
WC2026-E33,Germany,Ivory Coast,S04_press_trap_turnover_goal,0.144339,0.2347,0.0569,0.2456,0.389,0.3286,0.2573,0.37,0.0557,0.0973,favorite_clean_win_low;favorite_clean_win_mid,favorite_btts_win;favorite_big_win,0.27,none,2026-06-20T10:22:55.790490+00:00
WC2026-E33,Germany,Ivory Coast,S05_high_line_vs_runner,0.036682,0.2347,0.0569,0.2456,0.389,0.3286,0.2573,0.37,0.0557,0.0973,favorite_clean_win_low;favorite_clean_win_mid,favorite_btts_win;favorite_big_win,0.27,none,2026-06-20T10:22:55.790490+00:00
WC2026-E33,Germany,Ivory Coast,S06_set_piece_breakthrough,0.036682,0.2347,0.0569,0.2456,0.389,0.3286,0.2573,0.37,0.0557,0.0973,favorite_clean_win_low;favorite_clean_win_mid,favorite_btts_win;favorite_big_win,0.27,none,2026-06-20T10:22:55.790490+00:00
WC2026-E33,Germany,Ivory Coast,S07_late_chase_open_game,0.104284,0.2347,0.0569,0.2456,0.389,0.3286,0.2573,0.37,0.0557,0.0973,favorite_clean_win_low;favorite_clean_win_mid,favorite_btts_win;favorite_big_win,0.27,none,2026-06-20T10:22:55.790490+00:00
WC2026-E33,Germany,Ivory Coast,S08_strict_ref_card_penalty_chaos,0.036682,0.2347,0.0569,0.2456,0.389,0.3286,0.2573,0.37,0.0557,0.0973,favorite_clean_win_low;favorite_clean_win_mid,favorite_btts_win;favorite_big_win,0.27,none,2026-06-20T10:22:55.790490+00:00
WC2026-E34,Ecuador,Curacao,S01_favorite_early_break_open,0.223922,0.3109,0,0.3471,0.3044,0.4674,0,0.37,0,0.0946,,,0.27,none,2026-06-20T10:22:57.229499+00:00
WC2026-E34,Ecuador,Curacao,S02_low_block_survival,0,0.3109,0,0.3471,0.3044,0.4674,0,0.37,0,0.0946,,,0.27,none,2026-06-20T10:22:57.229499+00:00
WC2026-E34,Ecuador,Curacao,S03_wide_overload_crossfire,0.091008,0.3109,0,0.3471,0.3044,0.4674,0,0.37,0,0.0946,,,0.27,none,2026-06-20T10:22:57.229499+00:00
WC2026-E34,Ecuador,Curacao,S04_press_trap_turnover_goal,0.173927,0.3109,0,0.3471,0.3044,0.4674,0,0.37,0,0.0946,,,0.27,none,2026-06-20T10:22:57.229499+00:00
WC2026-E34,Ecuador,Curacao,S05_high_line_vs_runner,0.1858,0.3109,0,0.3471,0.3044,0.4674,0,0.37,0,0.0946,,,0.27,none,2026-06-20T10:22:57.229499+00:00
WC2026-E34,Ecuador,Curacao,S06_set_piece_breakthrough,0.108439,0.3109,0,0.3471,0.3044,0.4674,0,0.37,0,0.0946,,,0.27,none,2026-06-20T10:22:57.229499+00:00
WC2026-E34,Ecuador,Curacao,S07_late_chase_open_game,0.076794,0.3109,0,0.3471,0.3044,0.4674,0,0.37,0,0.0946,,,0.27,none,2026-06-20T10:22:57.229499+00:00
WC2026-E34,Ecuador,Curacao,S08_strict_ref_card_penalty_chaos,0.012762,0.3109,0,0.3471,0.3044,0.4674,0,0.37,0,0.0946,,,0.27,none,2026-06-20T10:22:57.229499+00:00
WC2026-F35,Netherlands,Sweden,S01_favorite_early_break_open,0.067254,0.0908,0.122,0.1411,0.4324,0.2284,0.4531,0.37,0,0.1081,favorite_clean_win_low;favorite_clean_win_mid;draw_low;underdog_low_win,favorite_btts_win;favorite_big_win;chaos_high,0.27,none,2026-06-20T10:22:58.643699+00:00
WC2026-F35,Netherlands,Sweden,S02_low_block_survival,0.203313,0.0908,0.122,0.1411,0.4324,0.2284,0.4531,0.37,0,0.1081,favorite_clean_win_low;favorite_clean_win_mid;draw_low;underdog_low_win,favorite_btts_win;favorite_big_win;chaos_high,0.27,none,2026-06-20T10:22:58.643699+00:00
WC2026-F35,Netherlands,Sweden,S03_wide_overload_crossfire,0.04558,0.0908,0.122,0.1411,0.4324,0.2284,0.4531,0.37,0,0.1081,favorite_clean_win_low;favorite_clean_win_mid;draw_low;underdog_low_win,favorite_btts_win;favorite_big_win;chaos_high,0.27,none,2026-06-20T10:22:58.643699+00:00
WC2026-F35,Netherlands,Sweden,S04_press_trap_turnover_goal,0.047047,0.0908,0.122,0.1411,0.4324,0.2284,0.4531,0.37,0,0.1081,favorite_clean_win_low;favorite_clean_win_mid;draw_low;underdog_low_win,favorite_btts_win;favorite_big_win;chaos_high,0.27,none,2026-06-20T10:22:58.643699+00:00
WC2026-F35,Netherlands,Sweden,S05_high_line_vs_runner,0.04558,0.0908,0.122,0.1411,0.4324,0.2284,0.4531,0.37,0,0.1081,favorite_clean_win_low;favorite_clean_win_mid;draw_low;underdog_low_win,favorite_btts_win;favorite_big_win;chaos_high,0.27,none,2026-06-20T10:22:58.643699+00:00
WC2026-F35,Netherlands,Sweden,S06_set_piece_breakthrough,0.04558,0.0908,0.122,0.1411,0.4324,0.2284,0.4531,0.37,0,0.1081,favorite_clean_win_low;favorite_clean_win_mid;draw_low;underdog_low_win,favorite_btts_win;favorite_big_win;chaos_high,0.27,none,2026-06-20T10:22:58.643699+00:00
WC2026-F35,Netherlands,Sweden,S07_late_chase_open_game,0.057904,0.0908,0.122,0.1411,0.4324,0.2284,0.4531,0.37,0,0.1081,favorite_clean_win_low;favorite_clean_win_mid;draw_low;underdog_low_win,favorite_btts_win;favorite_big_win;chaos_high,0.27,none,2026-06-20T10:22:58.643699+00:00
WC2026-F35,Netherlands,Sweden,S08_strict_ref_card_penalty_chaos,0.04558,0.0908,0.122,0.1411,0.4324,0.2284,0.4531,0.37,0,0.1081,favorite_clean_win_low;favorite_clean_win_mid;draw_low;underdog_low_win,favorite_btts_win;favorite_big_win;chaos_high,0.27,none,2026-06-20T10:22:58.643699+00:00
WC2026-F36,Tunisia,Japan,S01_favorite_early_break_open,0.084926,0.1148,0.0492,0.1626,0.7398,0.297,0.2219,0.37,0,0.1849,favorite_clean_win_low;favorite_clean_win_mid,favorite_btts_win;favorite_big_win,0.27,none,2026-06-20T10:23:00.092688+00:00
WC2026-F36,Tunisia,Japan,S02_low_block_survival,0.081981,0.1148,0.0492,0.1626,0.7398,0.297,0.2219,0.37,0,0.1849,favorite_clean_win_low;favorite_clean_win_mid,favorite_btts_win;favorite_big_win,0.27,none,2026-06-20T10:23:00.092688+00:00
WC2026-F36,Tunisia,Japan,S03_wide_overload_crossfire,0.047977,0.1148,0.0492,0.1626,0.7398,0.297,0.2219,0.37,0,0.1849,favorite_clean_win_low;favorite_clean_win_mid,favorite_btts_win;favorite_big_win,0.27,none,2026-06-20T10:23:00.092688+00:00
WC2026-F36,Tunisia,Japan,S04_press_trap_turnover_goal,0.059713,0.1148,0.0492,0.1626,0.7398,0.297,0.2219,0.37,0,0.1849,favorite_clean_win_low;favorite_clean_win_mid,favorite_btts_win;favorite_big_win,0.27,none,2026-06-20T10:23:00.092688+00:00
WC2026-F36,Tunisia,Japan,S05_high_line_vs_runner,0.058322,0.1148,0.0492,0.1626,0.7398,0.297,0.2219,0.37,0,0.1849,favorite_clean_win_low;favorite_clean_win_mid,favorite_btts_win;favorite_big_win,0.27,none,2026-06-20T10:23:00.092688+00:00
WC2026-F36,Tunisia,Japan,S06_set_piece_breakthrough,0.059147,0.1148,0.0492,0.1626,0.7398,0.297,0.2219,0.37,0,0.1849,favorite_clean_win_low;favorite_clean_win_mid,favorite_btts_win;favorite_big_win,0.27,none,2026-06-20T10:23:00.092688+00:00
WC2026-F36,Tunisia,Japan,S07_late_chase_open_game,0.065449,0.1148,0.0492,0.1626,0.7398,0.297,0.2219,0.37,0,0.1849,favorite_clean_win_low;favorite_clean_win_mid,favorite_btts_win;favorite_big_win,0.27,none,2026-06-20T10:23:00.092688+00:00
WC2026-F36,Tunisia,Japan,S08_strict_ref_card_penalty_chaos,0.047977,0.1148,0.0492,0.1626,0.7398,0.297,0.2219,0.37,0,0.1849,favorite_clean_win_low;favorite_clean_win_mid,favorite_btts_win;favorite_big_win,0.27,none,2026-06-20T10:23:00.092688+00:00
WC2026-H37,Uruguay,Cape Verde,S01_favorite_early_break_open,0.270764,0.3517,0,0.2665,0.4391,0.4595,0,0.37,0,0.1544,favorite_clean_win_low;favorite_clean_win_mid,favorite_btts_win;favorite_big_win,0.27,none,2026-06-20T10:23:01.564053+00:00
WC2026-H37,Uruguay,Cape Verde,S02_low_block_survival,0,0.3517,0,0.2665,0.4391,0.4595,0,0.37,0,0.1544,favorite_clean_win_low;favorite_clean_win_mid,favorite_btts_win;favorite_big_win,0.27,none,2026-06-20T10:23:01.564053+00:00
WC2026-H37,Uruguay,Cape Verde,S03_wide_overload_crossfire,0.076662,0.3517,0,0.2665,0.4391,0.4595,0,0.37,0,0.1544,favorite_clean_win_low;favorite_clean_win_mid,favorite_btts_win;favorite_big_win,0.27,none,2026-06-20T10:23:01.564053+00:00
WC2026-H37,Uruguay,Cape Verde,S04_press_trap_turnover_goal,0.161819,0.3517,0,0.2665,0.4391,0.4595,0,0.37,0,0.1544,favorite_clean_win_low;favorite_clean_win_mid,favorite_btts_win;favorite_big_win,0.27,none,2026-06-20T10:23:01.564053+00:00
WC2026-H37,Uruguay,Cape Verde,S05_high_line_vs_runner,0.144719,0.3517,0,0.2665,0.4391,0.4595,0,0.37,0,0.1544,favorite_clean_win_low;favorite_clean_win_mid,favorite_btts_win;favorite_big_win,0.27,none,2026-06-20T10:23:01.564053+00:00
WC2026-H37,Uruguay,Cape Verde,S06_set_piece_breakthrough,0.096037,0.3517,0,0.2665,0.4391,0.4595,0,0.37,0,0.1544,favorite_clean_win_low;favorite_clean_win_mid,favorite_btts_win;favorite_big_win,0.27,none,2026-06-20T10:23:01.564053+00:00
WC2026-H37,Uruguay,Cape Verde,S07_late_chase_open_game,0.08717,0.3517,0,0.2665,0.4391,0.4595,0,0.37,0,0.1544,favorite_clean_win_low;favorite_clean_win_mid,favorite_btts_win;favorite_big_win,0.27,none,2026-06-20T10:23:01.564053+00:00
WC2026-H37,Uruguay,Cape Verde,S08_strict_ref_card_penalty_chaos,0.01893,0.3517,0,0.2665,0.4391,0.4595,0,0.37,0,0.1544,favorite_clean_win_low;favorite_clean_win_mid,favorite_btts_win;favorite_big_win,0.27,none,2026-06-20T10:23:01.564053+00:00
WC2026-H38,Spain,Saudi Arabia,S01_favorite_early_break_open,0.284528,0.3615,0,0.2438,0.4759,0.4376,0.0177,0.37,0.1872,0.1721,favorite_clean_win_low;favorite_clean_win_mid,favorite_btts_win;favorite_big_win,0.27,none,2026-06-20T10:23:03.058886+00:00
WC2026-H38,Spain,Saudi Arabia,S02_low_block_survival,0,0.3615,0,0.2438,0.4759,0.4376,0.0177,0.37,0.1872,0.1721,favorite_clean_win_low;favorite_clean_win_mid,favorite_btts_win;favorite_big_win,0.27,none,2026-06-20T10:23:03.058886+00:00
WC2026-H38,Spain,Saudi Arabia,S03_wide_overload_crossfire,0.069669,0.3615,0,0.2438,0.4759,0.4376,0.0177,0.37,0.1872,0.1721,favorite_clean_win_low;favorite_clean_win_mid,favorite_btts_win;favorite_big_win,0.27,none,2026-06-20T10:23:03.058886+00:00
WC2026-H38,Spain,Saudi Arabia,S04_press_trap_turnover_goal,0.153986,0.3615,0,0.2438,0.4759,0.4376,0.0177,0.37,0.1872,0.1721,favorite_clean_win_low;favorite_clean_win_mid,favorite_btts_win;favorite_big_win,0.27,none,2026-06-20T10:23:03.058886+00:00
WC2026-H38,Spain,Saudi Arabia,S05_high_line_vs_runner,0.131563,0.3615,0,0.2438,0.4759,0.4376,0.0177,0.37,0.1872,0.1721,favorite_clean_win_low;favorite_clean_win_mid,favorite_btts_win;favorite_big_win,0.27,none,2026-06-20T10:23:03.058886+00:00
WC2026-H38,Spain,Saudi Arabia,S06_set_piece_breakthrough,0.088931,0.3615,0,0.2438,0.4759,0.4376,0.0177,0.37,0.1872,0.1721,favorite_clean_win_low;favorite_clean_win_mid,favorite_btts_win;favorite_big_win,0.27,none,2026-06-20T10:23:03.058886+00:00
WC2026-H38,Spain,Saudi Arabia,S07_late_chase_open_game,0.094974,0.3615,0,0.2438,0.4759,0.4376,0.0177,0.37,0.1872,0.1721,favorite_clean_win_low;favorite_clean_win_mid,favorite_btts_win;favorite_big_win,0.27,none,2026-06-20T10:23:03.058886+00:00
WC2026-H38,Spain,Saudi Arabia,S08_strict_ref_card_penalty_chaos,0.020088,0.3615,0,0.2438,0.4759,0.4376,0.0177,0.37,0.1872,0.1721,favorite_clean_win_low;favorite_clean_win_mid,favorite_btts_win;favorite_big_win,0.27,none,2026-06-20T10:23:03.058886+00:00
WC2026-G39,Belgium,Iran,S01_favorite_early_break_open,0.088915,0.1756,0.0232,0.2455,0.3498,0.3265,0.1745,0.37,0,0.0874,,,0.27,none,2026-06-20T10:23:04.547117+00:00
WC2026-G39,Belgium,Iran,S02_low_block_survival,0.038721,0.1756,0.0232,0.2455,0.3498,0.3265,0.1745,0.37,0,0.0874,,,0.27,none,2026-06-20T10:23:04.547117+00:00
WC2026-G39,Belgium,Iran,S03_wide_overload_crossfire,0.04506,0.1756,0.0232,0.2455,0.3498,0.3265,0.1745,0.37,0,0.0874,,,0.27,none,2026-06-20T10:23:04.547117+00:00
WC2026-G39,Belgium,Iran,S04_press_trap_turnover_goal,0.173327,0.1756,0.0232,0.2455,0.3498,0.3265,0.1745,0.37,0,0.0874,,,0.27,none,2026-06-20T10:23:04.547117+00:00
WC2026-G39,Belgium,Iran,S05_high_line_vs_runner,0.079223,0.1756,0.0232,0.2455,0.3498,0.3265,0.1745,0.37,0,0.0874,,,0.27,none,2026-06-20T10:23:04.547117+00:00
WC2026-G39,Belgium,Iran,S06_set_piece_breakthrough,0.056803,0.1756,0.0232,0.2455,0.3498,0.3265,0.1745,0.37,0,0.0874,,,0.27,none,2026-06-20T10:23:04.547117+00:00
WC2026-G39,Belgium,Iran,S07_late_chase_open_game,0.066621,0.1756,0.0232,0.2455,0.3498,0.3265,0.1745,0.37,0,0.0874,,,0.27,none,2026-06-20T10:23:04.547117+00:00
WC2026-G39,Belgium,Iran,S08_strict_ref_card_penalty_chaos,0.04506,0.1756,0.0232,0.2455,0.3498,0.3265,0.1745,0.37,0,0.0874,,,0.27,none,2026-06-20T10:23:04.547117+00:00
WC2026-G40,New Zealand,Egypt,S01_favorite_early_break_open,0.091151,0.1438,0.0248,0.2466,0.3271,0.3296,0.1417,0.37,0,0.0818,,,0.27,none,2026-06-20T10:23:06.023157+00:00
WC2026-G40,New Zealand,Egypt,S02_low_block_survival,0.041398,0.1438,0.0248,0.2466,0.3271,0.3296,0.1417,0.37,0,0.0818,,,0.27,none,2026-06-20T10:23:06.023157+00:00
WC2026-G40,New Zealand,Egypt,S03_wide_overload_crossfire,0.062619,0.1438,0.0248,0.2466,0.3271,0.3296,0.1417,0.37,0,0.0818,,,0.27,none,2026-06-20T10:23:06.023157+00:00
WC2026-G40,New Zealand,Egypt,S04_press_trap_turnover_goal,0.105313,0.1438,0.0248,0.2466,0.3271,0.3296,0.1417,0.37,0,0.0818,,,0.27,none,2026-06-20T10:23:06.023157+00:00
WC2026-G40,New Zealand,Egypt,S05_high_line_vs_runner,0.124644,0.1438,0.0248,0.2466,0.3271,0.3296,0.1417,0.37,0,0.0818,,,0.27,none,2026-06-20T10:23:06.023157+00:00
WC2026-G40,New Zealand,Egypt,S06_set_piece_breakthrough,0.093449,0.1438,0.0248,0.2466,0.3271,0.3296,0.1417,0.37,0,0.0818,,,0.27,none,2026-06-20T10:23:06.023157+00:00
WC2026-G40,New Zealand,Egypt,S07_late_chase_open_game,0.04938,0.1438,0.0248,0.2466,0.3271,0.3296,0.1417,0.37,0,0.0818,,,0.27,none,2026-06-20T10:23:06.023157+00:00
WC2026-G40,New Zealand,Egypt,S08_strict_ref_card_penalty_chaos,0.041624,0.1438,0.0248,0.2466,0.3271,0.3296,0.1417,0.37,0,0.0818,,,0.27,none,2026-06-20T10:23:06.023157+00:00
WC2026-I41,Norway,Senegal,S01_favorite_early_break_open,0.172312,0.2493,0.0149,0.2648,0.3732,0.3645,0.1411,0.37,0,0.0933,,,0.27,none,2026-06-20T10:23:07.484268+00:00
WC2026-I41,Norway,Senegal,S02_low_block_survival,0.024857,0.2493,0.0149,0.2648,0.3732,0.3645,0.1411,0.37,0,0.0933,,,0.27,none,2026-06-20T10:23:07.484268+00:00
WC2026-I41,Norway,Senegal,S03_wide_overload_crossfire,0.034324,0.2493,0.0149,0.2648,0.3732,0.3645,0.1411,0.37,0,0.0933,,,0.27,none,2026-06-20T10:23:07.484268+00:00
WC2026-I41,Norway,Senegal,S04_press_trap_turnover_goal,0.153996,0.2493,0.0149,0.2648,0.3732,0.3645,0.1411,0.37,0,0.0933,,,0.27,none,2026-06-20T10:23:07.484268+00:00
WC2026-I41,Norway,Senegal,S05_high_line_vs_runner,0.077221,0.2493,0.0149,0.2648,0.3732,0.3645,0.1411,0.37,0,0.0933,,,0.27,none,2026-06-20T10:23:07.484268+00:00
WC2026-I41,Norway,Senegal,S06_set_piece_breakthrough,0.05675,0.2493,0.0149,0.2648,0.3732,0.3645,0.1411,0.37,0,0.0933,,,0.27,none,2026-06-20T10:23:07.484268+00:00
WC2026-I41,Norway,Senegal,S07_late_chase_open_game,0.108315,0.2493,0.0149,0.2648,0.3732,0.3645,0.1411,0.37,0,0.0933,,,0.27,none,2026-06-20T10:23:07.484268+00:00
WC2026-I41,Norway,Senegal,S08_strict_ref_card_penalty_chaos,0.034324,0.2493,0.0149,0.2648,0.3732,0.3645,0.1411,0.37,0,0.0933,,,0.27,none,2026-06-20T10:23:07.484268+00:00
WC2026-I42,France,Iraq,S01_favorite_early_break_open,0.233589,0.2833,0.0026,0.2166,0.4601,0.4181,0.0558,0.37,0.0668,0.1304,favorite_clean_win_low;favorite_clean_win_mid,favorite_btts_win;favorite_big_win,0.27,none,2026-06-20T10:23:08.952585+00:00
WC2026-I42,France,Iraq,S02_low_block_survival,0.004284,0.2833,0.0026,0.2166,0.4601,0.4181,0.0558,0.37,0.0668,0.1304,favorite_clean_win_low;favorite_clean_win_mid,favorite_btts_win;favorite_big_win,0.27,none,2026-06-20T10:23:08.952585+00:00
WC2026-I42,France,Iraq,S03_wide_overload_crossfire,0.060023,0.2833,0.0026,0.2166,0.4601,0.4181,0.0558,0.37,0.0668,0.1304,favorite_clean_win_low;favorite_clean_win_mid,favorite_btts_win;favorite_big_win,0.27,none,2026-06-20T10:23:08.952585+00:00
WC2026-I42,France,Iraq,S04_press_trap_turnover_goal,0.09942,0.2833,0.0026,0.2166,0.4601,0.4181,0.0558,0.37,0.0668,0.1304,favorite_clean_win_low;favorite_clean_win_mid,favorite_btts_win;favorite_big_win,0.27,none,2026-06-20T10:23:08.952585+00:00
WC2026-I42,France,Iraq,S05_high_line_vs_runner,0.110842,0.2833,0.0026,0.2166,0.4601,0.4181,0.0558,0.37,0.0668,0.1304,favorite_clean_win_low;favorite_clean_win_mid,favorite_btts_win;favorite_big_win,0.27,none,2026-06-20T10:23:08.952585+00:00
WC2026-I42,France,Iraq,S06_set_piece_breakthrough,0.081981,0.2833,0.0026,0.2166,0.4601,0.4181,0.0558,0.37,0.0668,0.1304,favorite_clean_win_low;favorite_clean_win_mid,favorite_btts_win;favorite_big_win,0.27,none,2026-06-20T10:23:08.952585+00:00
WC2026-I42,France,Iraq,S07_late_chase_open_game,0.114554,0.2833,0.0026,0.2166,0.4601,0.4181,0.0558,0.37,0.0668,0.1304,favorite_clean_win_low;favorite_clean_win_mid,favorite_btts_win;favorite_big_win,0.27,none,2026-06-20T10:23:08.952585+00:00
WC2026-I42,France,Iraq,S08_strict_ref_card_penalty_chaos,0.026657,0.2833,0.0026,0.2166,0.4601,0.4181,0.0558,0.37,0.0668,0.1304,favorite_clean_win_low;favorite_clean_win_mid,favorite_btts_win;favorite_big_win,0.27,none,2026-06-20T10:23:08.952585+00:00
WC2026-J43,Argentina,Austria,S01_favorite_early_break_open,0.063792,0.1332,0.0991,0.1245,0.4828,0.2861,0.3612,0.37,0.1286,0.1207,favorite_clean_win_low;favorite_clean_win_mid;draw_low;underdog_low_win,favorite_btts_win;favorite_big_win;chaos_high,0.27,none,2026-06-20T10:23:10.415660+00:00
WC2026-J43,Argentina,Austria,S02_low_block_survival,0.165122,0.1332,0.0991,0.1245,0.4828,0.2861,0.3612,0.37,0.1286,0.1207,favorite_clean_win_low;favorite_clean_win_mid;draw_low;underdog_low_win,favorite_btts_win;favorite_big_win;chaos_high,0.27,none,2026-06-20T10:23:10.415660+00:00
WC2026-J43,Argentina,Austria,S03_wide_overload_crossfire,0.038733,0.1332,0.0991,0.1245,0.4828,0.2861,0.3612,0.37,0.1286,0.1207,favorite_clean_win_low;favorite_clean_win_mid;draw_low;underdog_low_win,favorite_btts_win;favorite_big_win;chaos_high,0.27,none,2026-06-20T10:23:10.415660+00:00
WC2026-J43,Argentina,Austria,S04_press_trap_turnover_goal,0.138734,0.1332,0.0991,0.1245,0.4828,0.2861,0.3612,0.37,0.1286,0.1207,favorite_clean_win_low;favorite_clean_win_mid;draw_low;underdog_low_win,favorite_btts_win;favorite_big_win;chaos_high,0.27,none,2026-06-20T10:23:10.415660+00:00
WC2026-J43,Argentina,Austria,S05_high_line_vs_runner,0.038733,0.1332,0.0991,0.1245,0.4828,0.2861,0.3612,0.37,0.1286,0.1207,favorite_clean_win_low;favorite_clean_win_mid;draw_low;underdog_low_win,favorite_btts_win;favorite_big_win;chaos_high,0.27,none,2026-06-20T10:23:10.415660+00:00
WC2026-J43,Argentina,Austria,S06_set_piece_breakthrough,0.038733,0.1332,0.0991,0.1245,0.4828,0.2861,0.3612,0.37,0.1286,0.1207,favorite_clean_win_low;favorite_clean_win_mid;draw_low;underdog_low_win,favorite_btts_win;favorite_big_win;chaos_high,0.27,none,2026-06-20T10:23:10.415660+00:00
WC2026-J43,Argentina,Austria,S07_late_chase_open_game,0.053119,0.1332,0.0991,0.1245,0.4828,0.2861,0.3612,0.37,0.1286,0.1207,favorite_clean_win_low;favorite_clean_win_mid;draw_low;underdog_low_win,favorite_btts_win;favorite_big_win;chaos_high,0.27,none,2026-06-20T10:23:10.415660+00:00
WC2026-J43,Argentina,Austria,S08_strict_ref_card_penalty_chaos,0.038733,0.1332,0.0991,0.1245,0.4828,0.2861,0.3612,0.37,0.1286,0.1207,favorite_clean_win_low;favorite_clean_win_mid;draw_low;underdog_low_win,favorite_btts_win;favorite_big_win;chaos_high,0.27,none,2026-06-20T10:23:10.415660+00:00
WC2026-J44,Jordan,Algeria,S01_favorite_early_break_open,0.131581,0.2154,0.0152,0.2487,0.372,0.3489,0.1496,0.37,0,0.093,,,0.27,none,2026-06-20T10:23:11.885548+00:00
WC2026-J44,Jordan,Algeria,S02_low_block_survival,0.025355,0.2154,0.0152,0.2487,0.372,0.3489,0.1496,0.37,0,0.093,,,0.27,none,2026-06-20T10:23:11.885548+00:00
WC2026-J44,Jordan,Algeria,S03_wide_overload_crossfire,0.042488,0.2154,0.0152,0.2487,0.372,0.3489,0.1496,0.37,0,0.093,,,0.27,none,2026-06-20T10:23:11.885548+00:00
WC2026-J44,Jordan,Algeria,S04_press_trap_turnover_goal,0.167679,0.2154,0.0152,0.2487,0.372,0.3489,0.1496,0.37,0,0.093,,,0.27,none,2026-06-20T10:23:11.885548+00:00
WC2026-J44,Jordan,Algeria,S05_high_line_vs_runner,0.044588,0.2154,0.0152,0.2487,0.372,0.3489,0.1496,0.37,0,0.093,,,0.27,none,2026-06-20T10:23:11.885548+00:00
WC2026-J44,Jordan,Algeria,S06_set_piece_breakthrough,0.063024,0.2154,0.0152,0.2487,0.372,0.3489,0.1496,0.37,0,0.093,,,0.27,none,2026-06-20T10:23:11.885548+00:00
WC2026-J44,Jordan,Algeria,S07_late_chase_open_game,0.089988,0.2154,0.0152,0.2487,0.372,0.3489,0.1496,0.37,0,0.093,,,0.27,none,2026-06-20T10:23:11.885548+00:00
WC2026-J44,Jordan,Algeria,S08_strict_ref_card_penalty_chaos,0.042488,0.2154,0.0152,0.2487,0.372,0.3489,0.1496,0.37,0,0.093,,,0.27,none,2026-06-20T10:23:11.885548+00:00
WC2026-L45,England,Ghana,S01_favorite_early_break_open,0.102101,0.1366,0.0719,0.2071,0.3749,0.2788,0.3086,0.37,0,0.0937,,,0.27,none,2026-06-20T10:23:13.383115+00:00
WC2026-L45,England,Ghana,S02_low_block_survival,0.119777,0.1366,0.0719,0.2071,0.3749,0.2788,0.3086,0.37,0,0.0937,,,0.27,none,2026-06-20T10:23:13.383115+00:00
WC2026-L45,England,Ghana,S03_wide_overload_crossfire,0.043792,0.1366,0.0719,0.2071,0.3749,0.2788,0.3086,0.37,0,0.0937,,,0.27,none,2026-06-20T10:23:13.383115+00:00
WC2026-L45,England,Ghana,S04_press_trap_turnover_goal,0.069088,0.1366,0.0719,0.2071,0.3749,0.2788,0.3086,0.37,0,0.0937,,,0.27,none,2026-06-20T10:23:13.383115+00:00
WC2026-L45,England,Ghana,S05_high_line_vs_runner,0.043792,0.1366,0.0719,0.2071,0.3749,0.2788,0.3086,0.37,0,0.0937,,,0.27,none,2026-06-20T10:23:13.383115+00:00
WC2026-L45,England,Ghana,S06_set_piece_breakthrough,0.043792,0.1366,0.0719,0.2071,0.3749,0.2788,0.3086,0.37,0,0.0937,,,0.27,none,2026-06-20T10:23:13.383115+00:00
WC2026-L45,England,Ghana,S07_late_chase_open_game,0.086146,0.1366,0.0719,0.2071,0.3749,0.2788,0.3086,0.37,0,0.0937,,,0.27,none,2026-06-20T10:23:13.383115+00:00
WC2026-L45,England,Ghana,S08_strict_ref_card_penalty_chaos,0.043792,0.1366,0.0719,0.2071,0.3749,0.2788,0.3086,0.37,0,0.0937,,,0.27,none,2026-06-20T10:23:13.383115+00:00
WC2026-L46,Panama,Croatia,S01_favorite_early_break_open,0.215447,0.2955,0,0.4477,0.16,0.3316,0.1706,0.37,0.6283,0.0473,favorite_clean_win_low,favorite_btts_win,0.27,none,2026-06-20T10:23:14.912769+00:00
WC2026-L46,Panama,Croatia,S02_low_block_survival,0,0.2955,0,0.4477,0.16,0.3316,0.1706,0.37,0.6283,0.0473,favorite_clean_win_low,favorite_btts_win,0.27,none,2026-06-20T10:23:14.912769+00:00
WC2026-L46,Panama,Croatia,S03_wide_overload_crossfire,0.075087,0.2955,0,0.4477,0.16,0.3316,0.1706,0.37,0.6283,0.0473,favorite_clean_win_low,favorite_btts_win,0.27,none,2026-06-20T10:23:14.912769+00:00
WC2026-L46,Panama,Croatia,S04_press_trap_turnover_goal,0.16002,0.2955,0,0.4477,0.16,0.3316,0.1706,0.37,0.6283,0.0473,favorite_clean_win_low,favorite_btts_win,0.27,none,2026-06-20T10:23:14.912769+00:00
WC2026-L46,Panama,Croatia,S05_high_line_vs_runner,0.162857,0.2955,0,0.4477,0.16,0.3316,0.1706,0.37,0.6283,0.0473,favorite_clean_win_low,favorite_btts_win,0.27,none,2026-06-20T10:23:14.912769+00:00
WC2026-L46,Panama,Croatia,S06_set_piece_breakthrough,0.092184,0.2955,0,0.4477,0.16,0.3316,0.1706,0.37,0.6283,0.0473,favorite_clean_win_low,favorite_btts_win,0.27,none,2026-06-20T10:23:14.912769+00:00
WC2026-L46,Panama,Croatia,S07_late_chase_open_game,0.075936,0.2955,0,0.4477,0.16,0.3316,0.1706,0.37,0.6283,0.0473,favorite_clean_win_low,favorite_btts_win,0.27,none,2026-06-20T10:23:14.912769+00:00
WC2026-L46,Panama,Croatia,S08_strict_ref_card_penalty_chaos,0.015263,0.2955,0,0.4477,0.16,0.3316,0.1706,0.37,0.6283,0.0473,favorite_clean_win_low,favorite_btts_win,0.27,none,2026-06-20T10:23:14.912769+00:00
WC2026-K47,Portugal,Uzbekistan,S01_favorite_early_break_open,0.268572,0.3053,0.0045,0.2504,0.4298,0.372,0.1113,0.37,0,0.1312,favorite_clean_win_low;favorite_clean_win_mid,favorite_btts_win;favorite_big_win,0.27,none,2026-06-20T10:23:16.455530+00:00
WC2026-K47,Portugal,Uzbekistan,S02_low_block_survival,0.007507,0.3053,0.0045,0.2504,0.4298,0.372,0.1113,0.37,0,0.1312,favorite_clean_win_low;favorite_clean_win_mid,favorite_btts_win;favorite_big_win,0.27,none,2026-06-20T10:23:16.455530+00:00
WC2026-K47,Portugal,Uzbekistan,S03_wide_overload_crossfire,0.04468,0.3053,0.0045,0.2504,0.4298,0.372,0.1113,0.37,0,0.1312,favorite_clean_win_low;favorite_clean_win_mid,favorite_btts_win;favorite_big_win,0.27,none,2026-06-20T10:23:16.455530+00:00
WC2026-K47,Portugal,Uzbekistan,S04_press_trap_turnover_goal,0.073544,0.3053,0.0045,0.2504,0.4298,0.372,0.1113,0.37,0,0.1312,favorite_clean_win_low;favorite_clean_win_mid,favorite_btts_win;favorite_big_win,0.27,none,2026-06-20T10:23:16.455530+00:00
WC2026-K47,Portugal,Uzbekistan,S05_high_line_vs_runner,0.076695,0.3053,0.0045,0.2504,0.4298,0.372,0.1113,0.37,0,0.1312,favorite_clean_win_low;favorite_clean_win_mid,favorite_btts_win;favorite_big_win,0.27,none,2026-06-20T10:23:16.455530+00:00
WC2026-K47,Portugal,Uzbekistan,S06_set_piece_breakthrough,0.06845,0.3053,0.0045,0.2504,0.4298,0.372,0.1113,0.37,0,0.1312,favorite_clean_win_low;favorite_clean_win_mid,favorite_btts_win;favorite_big_win,0.27,none,2026-06-20T10:23:16.455530+00:00
WC2026-K47,Portugal,Uzbekistan,S07_late_chase_open_game,0.112906,0.3053,0.0045,0.2504,0.4298,0.372,0.1113,0.37,0,0.1312,favorite_clean_win_low;favorite_clean_win_mid,favorite_btts_win;favorite_big_win,0.27,none,2026-06-20T10:23:16.455530+00:00
WC2026-K47,Portugal,Uzbekistan,S08_strict_ref_card_penalty_chaos,0.03279,0.3053,0.0045,0.2504,0.4298,0.372,0.1113,0.37,0,0.1312,favorite_clean_win_low;favorite_clean_win_mid,favorite_btts_win;favorite_big_win,0.27,none,2026-06-20T10:23:16.455530+00:00
WC2026-K48,Colombia,DR Congo,S01_favorite_early_break_open,0.13411,0.2149,0.0814,0.2334,0.3921,0.2862,0.3579,0.37,0,0.098,favorite_clean_win_low;favorite_clean_win_mid;draw_low;underdog_low_win,favorite_btts_win;favorite_big_win;chaos_high,0.27,none,2026-06-20T10:23:18.063342+00:00
WC2026-K48,Colombia,DR Congo,S02_low_block_survival,0.135592,0.2149,0.0814,0.2334,0.3921,0.2862,0.3579,0.37,0,0.098,favorite_clean_win_low;favorite_clean_win_mid;draw_low;underdog_low_win,favorite_btts_win;favorite_big_win;chaos_high,0.27,none,2026-06-20T10:23:18.063342+00:00
WC2026-K48,Colombia,DR Congo,S03_wide_overload_crossfire,0.045248,0.2149,0.0814,0.2334,0.3921,0.2862,0.3579,0.37,0,0.098,favorite_clean_win_low;favorite_clean_win_mid;draw_low;underdog_low_win,favorite_btts_win;favorite_big_win;chaos_high,0.27,none,2026-06-20T10:23:18.063342+00:00
WC2026-K48,Colombia,DR Congo,S04_press_trap_turnover_goal,0.161536,0.2149,0.0814,0.2334,0.3921,0.2862,0.3579,0.37,0,0.098,favorite_clean_win_low;favorite_clean_win_mid;draw_low;underdog_low_win,favorite_btts_win;favorite_big_win;chaos_high,0.27,none,2026-06-20T10:23:18.063342+00:00
WC2026-K48,Colombia,DR Congo,S05_high_line_vs_runner,0.045248,0.2149,0.0814,0.2334,0.3921,0.2862,0.3579,0.37,0,0.098,favorite_clean_win_low;favorite_clean_win_mid;draw_low;underdog_low_win,favorite_btts_win;favorite_big_win;chaos_high,0.27,none,2026-06-20T10:23:18.063342+00:00
WC2026-K48,Colombia,DR Congo,S06_set_piece_breakthrough,0.045248,0.2149,0.0814,0.2334,0.3921,0.2862,0.3579,0.37,0,0.098,favorite_clean_win_low;favorite_clean_win_mid;draw_low;underdog_low_win,favorite_btts_win;favorite_big_win;chaos_high,0.27,none,2026-06-20T10:23:18.063342+00:00
WC2026-K48,Colombia,DR Congo,S07_late_chase_open_game,0.098732,0.2149,0.0814,0.2334,0.3921,0.2862,0.3579,0.37,0,0.098,favorite_clean_win_low;favorite_clean_win_mid;draw_low;underdog_low_win,favorite_btts_win;favorite_big_win;chaos_high,0.27,none,2026-06-20T10:23:18.063342+00:00
WC2026-K48,Colombia,DR Congo,S08_strict_ref_card_penalty_chaos,0.045248,0.2149,0.0814,0.2334,0.3921,0.2862,0.3579,0.37,0,0.098,favorite_clean_win_low;favorite_clean_win_mid;draw_low;underdog_low_win,favorite_btts_win;favorite_big_win;chaos_high,0.27,none,2026-06-20T10:23:18.063342+00:00
